563e99da95c891a9c006dd65bd8694d4,5511.574,1721635796006849,1721635801518423,False,SearchHandler start,unknown_service:frontend_service_process;unknown_service:wlgen_proc;unknown_service:search_service_process
747ce86d7df34636c84afbd7b4c39b49,5509.348,1721635802020327,1721635807529675,False,Nearby start,unknown_service:frontend_service_process;unknown_service:search_service_process
0a72c84d04c14bb064275e858fc3ba30,5512.895,1721635795005284,1721635800518179,False,Nearby start,unknown_service:frontend_service_process;unknown_service:wlgen_proc;unknown_service:search_service_process
a1a82022441f02d224e24e9a26329f2e,5513.475,1721635797008984,1721635802522459,False,Nearby start,unknown_service:frontend_service_process;unknown_service:wlgen_proc;unknown_service:search_service_process
35ca1028da75ad7698178c0ac021728e,5510.911,1721635798009911,1721635803520822,False,Nearby start,unknown_service:frontend_service_process;unknown_service:wlgen_proc;unknown_service:search_service_process
92d89ae3660a80c2d8004181fb4a8388,5515.702,1721635792981352,1721635798497054,False,Nearby start,unknown_service:frontend_service_process;unknown_service:wlgen_proc;unknown_service:search_service_process
50e74d82336e1e616dfc7dbbddddf74d,5520.145,1721635799011151,1721635804531296,False,Nearby start,unknown_service:frontend_service_process;unknown_service:wlgen_proc;unknown_service:search_service_process
18b65ec7903cb2cb59a30d8f7b9927d0,5513.618,1721635794003440,1721635799517058,False,Nearby start,unknown_service:frontend_service_process;unknown_service:wlgen_proc;unknown_service:search_service_process
73960120fbfcf2e3cd3f85d0822d740b,5513.9,1721635801014920,1721635806528820,False,SearchHandler start,unknown_service:frontend_service_process;unknown_service:wlgen_proc;unknown_service:search_service_process
5282850e5839c687fed8271429b18c6f,5513.887,1721635800013160,1721635805527047,False,Nearby start,unknown_service:frontend_service_process;unknown_service:wlgen_proc;unknown_service:search_service_process
