ec5866bd3cfa717a5f3dd31347fe6a89,5532.43,1721571409600370,1721571415132800,False,Nearby start,unknown_service:frontend_service_process;unknown_service:wlgen_proc;unknown_service:search_service_process
2b3bc1603f7a1f5f690e5151a7546cfb,5513.591,1721571413607947,1721571419121538,False,Nearby start,unknown_service:frontend_service_process;unknown_service:wlgen_proc;unknown_service:search_service_process
7c0a47e09a740513829e2d1d9c8785b4,5515.385,1721571410602370,1721571416117755,False,Nearby start,unknown_service:frontend_service_process;unknown_service:wlgen_proc;unknown_service:search_service_process
07ebbe0dab2565ca19e8195c9894073c,5514.105,1721571416612001,1721571422126106,False,Nearby start,unknown_service:frontend_service_process;unknown_service:wlgen_proc;unknown_service:search_service_process
a28592155f048496d4d2c9f9d4a9b1ed,5513.458,1721571415610473,1721571421123931,False,Nearby start,unknown_service:frontend_service_process;unknown_service:wlgen_proc;unknown_service:search_service_process
331045542c35adbecef9bcb3ed316625,5513.787,1721571414609113,1721571420122900,False,Nearby start,unknown_service:frontend_service_process;unknown_service:wlgen_proc;unknown_service:search_service_process
1545830e55e915022a9baf9a0b7bba43,5514.629,1721571417613998,1721571423128627,False,SearchHandler start,unknown_service:frontend_service_process;unknown_service:wlgen_proc;unknown_service:search_service_process
0fade9b7a1adf0a59afd909304e302c2,5513.852,1721571411604788,1721571417118640,False,Nearby start,unknown_service:frontend_service_process;unknown_service:wlgen_proc;unknown_service:search_service_process
0dc4b8d9fcaff8760271197a5a5f5d6b,5530.093,1721571412606510,1721571418136603,False,Nearby start,unknown_service:frontend_service_process;unknown_service:wlgen_proc;unknown_service:search_service_process
f26e915335df4170b4e55b544bdebba6,5520.775,1721571418620187,1721571424140962,False,Nearby start,unknown_service:frontend_service_process;unknown_service:search_service_process;unknown_service:geo_service_process
